loss,val_loss
0.027031943202018738,0.01632210984826088
0.010162711143493652,0.007029194384813309
0.006236830726265907,0.005373981315642595
0.005303219426423311,0.005058507900685072
0.004953425377607346,0.004891881253570318
0.00416335416957736,0.0050126961432397366
0.00396111560985446,0.004569155629724264
0.003687597345560789,0.004394823219627142
0.003572039771825075,0.0042177122086286545
0.0035881910007447004,0.004234247375279665
