loss,val_loss,learning_rate
0.027555763721466064,0.011580475606024265,0.0010000000474974513
0.008867521770298481,0.009706541895866394,0.0010000000474974513
0.0062309871427714825,0.00599213782697916,0.0010000000474974513
0.005356570705771446,0.005282158963382244,0.0010000000474974513
